{"cameraMode":{"drawMode":0,"name":"Shaded","section":"Shading Mode"},"sceneLighting":false,"audioPlay":false,"sceneViewState":{"showFog":true,"showMaterialUpdate":true,"showSkybox":false,"showFlares":true,"showImageEffects":true,"showParticleSystems":true,"showVisualEffectGraphs":true,"m_FxEnabled":true},"in2DMode":false,"pivot":{"x":3.890000104904175,"y":2.2100000381469728,"z":5.579999923706055},"rotation":{"x":-0.005795360542833805,"y":-0.9898009896278381,"z":0.13595320284366609,"w":-0.042192891240119937},"size":0.9652979969978333,"orthographic":false}