{"cameraMode":{"drawMode":0,"name":"Shaded","section":"Shading Mode"},"sceneLighting":false,"audioPlay":false,"sceneViewState":{"showFog":true,"showMaterialUpdate":true,"showSkybox":false,"showFlares":true,"showImageEffects":true,"showParticleSystems":true,"showVisualEffectGraphs":true,"m_FxEnabled":true},"in2DMode":false,"pivot":{"x":9.588712692260743,"y":0.5999999642372131,"z":0.6047790050506592},"rotation":{"x":0.03417028859257698,"y":-0.48125240206718447,"z":0.018778346478939058,"w":0.8757156729698181},"size":10.208459854125977,"orthographic":false}