{"cameraMode":{"drawMode":0,"name":"Shaded","section":"Shading Mode"},"sceneLighting":false,"audioPlay":false,"sceneViewState":{"showFog":true,"showMaterialUpdate":true,"showSkybox":false,"showFlares":true,"showImageEffects":true,"showParticleSystems":true,"showVisualEffectGraphs":true,"m_FxEnabled":true},"in2DMode":false,"pivot":{"x":-0.0035935044288635256,"y":0.018392037600278856,"z":0.0010791309177875519},"rotation":{"x":0.01167289074510336,"y":-0.707028865814209,"z":0.011662892065942288,"w":0.7070236206054688},"size":0.4922558069229126,"orthographic":false}