{"cameraMode":{"drawMode":0,"name":"Shaded","section":"Shading Mode"},"sceneLighting":false,"audioPlay":false,"sceneViewState":{"showFog":true,"showMaterialUpdate":true,"showSkybox":false,"showFlares":true,"showImageEffects":true,"showParticleSystems":true,"showVisualEffectGraphs":true,"m_FxEnabled":true},"in2DMode":false,"pivot":{"x":0.4090000092983246,"y":-0.09200000017881394,"z":-0.03200000151991844},"rotation":{"x":-0.7975592613220215,"y":0.03535018861293793,"z":-0.04695312678813934,"w":-0.6004085540771484},"size":1.4834237098693848,"orthographic":true}