{"cameraMode":{"drawMode":0,"name":"Shaded","section":"Shading Mode"},"sceneLighting":false,"audioPlay":false,"sceneViewState":{"showFog":false,"showMaterialUpdate":false,"showSkybox":false,"showFlares":false,"showImageEffects":false,"showParticleSystems":false,"showVisualEffectGraphs":true,"m_FxEnabled":true},"in2DMode":false,"pivot":{"x":0.0005345344543457031,"y":0.8997743725776672,"z":0.02398163080215454},"rotation":{"x":0.08851524442434311,"y":-0.22072935104370118,"z":0.020119071006774904,"w":0.9711030125617981},"size":1.7299895286560059,"orthographic":true}