{"cameraMode":{"drawMode":0,"name":"Shaded","section":"Shading Mode"},"sceneLighting":false,"audioPlay":false,"sceneViewState":{"showFog":true,"showMaterialUpdate":true,"showSkybox":false,"showFlares":true,"showImageEffects":true,"showParticleSystems":true,"showVisualEffectGraphs":true,"m_FxEnabled":true},"in2DMode":false,"pivot":{"x":0.7371338605880737,"y":1.574904203414917,"z":-0.057025909423828128},"rotation":{"x":0.005913017317652702,"y":-0.9926798343658447,"z":0.10762913525104523,"w":0.05455077812075615},"size":1.0328378677368165,"orthographic":true}