{"cameraMode":{"drawMode":0,"name":"Shaded","section":"Shading Mode"},"sceneLighting":false,"audioPlay":false,"sceneViewState":{"showFog":true,"showMaterialUpdate":true,"showSkybox":false,"showFlares":true,"showImageEffects":true,"showParticleSystems":true,"showVisualEffectGraphs":true,"m_FxEnabled":true},"in2DMode":false,"pivot":{"x":0.7371338605880737,"y":1.574904203414917,"z":-0.057025909423828128},"rotation":{"x":0.04187370464205742,"y":-0.7075523734092712,"z":0.7041678428649902,"w":0.04207791015505791},"size":0.31704190373420718,"orthographic":true}