{"cameraMode":{"drawMode":0,"name":"Shaded","section":"Shading Mode"},"sceneLighting":false,"audioPlay":false,"sceneViewState":{"showFog":true,"showMaterialUpdate":true,"showSkybox":false,"showFlares":true,"showImageEffects":true,"showParticleSystems":true,"showVisualEffectGraphs":true,"m_FxEnabled":true},"in2DMode":false,"pivot":{"x":3.872535467147827,"y":0.9811892509460449,"z":2.909748077392578},"rotation":{"x":0.03564222529530525,"y":-0.7650811076164246,"z":0.042505498975515369,"w":0.6415417790412903},"size":1.4526238441467286,"orthographic":false}