{"cameraMode":{"drawMode":0,"name":"Shaded","section":"Shading Mode"},"sceneLighting":false,"audioPlay":false,"sceneViewState":{"showFog":true,"showMaterialUpdate":true,"showSkybox":false,"showFlares":true,"showImageEffects":true,"showParticleSystems":true,"showVisualEffectGraphs":true,"m_FxEnabled":true},"in2DMode":false,"pivot":{"x":218.08607482910157,"y":1.8030383586883546,"z":508.5298156738281},"rotation":{"x":0.03417028859257698,"y":-0.48125240206718447,"z":0.018778346478939058,"w":0.8757156729698181},"size":1.7793729305267335,"orthographic":false}