{"cameraMode":{"drawMode":0,"name":"Shaded","section":"Shading Mode"},"sceneLighting":false,"audioPlay":false,"sceneViewState":{"showFog":true,"showMaterialUpdate":true,"showSkybox":false,"showFlares":true,"showImageEffects":true,"showParticleSystems":true,"showVisualEffectGraphs":true,"m_FxEnabled":true},"in2DMode":false,"pivot":{"x":0.002212703227996826,"y":-0.001990199089050293,"z":0.028635308146476747},"rotation":{"x":0.3423917889595032,"y":0.1979973167181015,"z":-0.07405855506658554,"w":0.9154744148254395},"size":0.35484471917152407,"orthographic":false}