{"cameraMode":{"drawMode":0,"name":"Shaded","section":"Shading Mode"},"sceneLighting":false,"audioPlay":false,"sceneViewState":{"showFog":true,"showMaterialUpdate":true,"showSkybox":false,"showFlares":true,"showImageEffects":true,"showParticleSystems":true,"showVisualEffectGraphs":true,"m_FxEnabled":true},"in2DMode":false,"pivot":{"x":8.539999961853028,"y":0.7979999780654907,"z":-10.359999656677246},"rotation":{"x":0.04952054098248482,"y":-0.9059948921203613,"z":0.11062316596508026,"w":0.40556877851486208},"size":0.9365894198417664,"orthographic":false}