{"cameraMode":{"drawMode":0,"name":"Shaded","section":"Shading Mode"},"sceneLighting":false,"audioPlay":false,"sceneViewState":{"showFog":true,"showMaterialUpdate":true,"showSkybox":false,"showFlares":true,"showImageEffects":true,"showParticleSystems":true,"showVisualEffectGraphs":true,"m_FxEnabled":true},"in2DMode":false,"pivot":{"x":7.504765510559082,"y":0.8997750878334045,"z":4.3388566970825199},"rotation":{"x":0.07545414566993714,"y":0.09855355322360993,"z":-0.007494510617107153,"w":0.9922410249710083},"size":1.328941822052002,"orthographic":false}