{"cameraMode":{"drawMode":0,"name":"Shaded","section":"Shading Mode"},"sceneLighting":false,"audioPlay":false,"sceneViewState":{"showFog":false,"showMaterialUpdate":false,"showSkybox":false,"showFlares":false,"showImageEffects":false,"showParticleSystems":false,"showVisualEffectGraphs":true,"m_FxEnabled":true},"in2DMode":false,"pivot":{"x":0.00008666515350341797,"y":0.9157183170318604,"z":-0.003240227699279785},"rotation":{"x":-0.01939038746058941,"y":-0.7626299262046814,"z":-0.022885415703058244,"w":0.6461420059204102},"size":1.3199399709701539,"orthographic":false}