{"cameraMode":{"drawMode":0,"name":"Shaded","section":"Shading Mode"},"sceneLighting":false,"audioPlay":false,"sceneViewState":{"showFog":true,"showMaterialUpdate":true,"showSkybox":false,"showFlares":true,"showImageEffects":true,"showParticleSystems":true,"showVisualEffectGraphs":true,"m_FxEnabled":true},"in2DMode":false,"pivot":{"x":4.973173141479492,"y":1.0051898956298829,"z":5.40065860748291},"rotation":{"x":0.0043754433281719688,"y":-0.9750737547874451,"z":0.22101476788520814,"w":0.019305726513266565},"size":1.452623724937439,"orthographic":true}