{"cameraMode":{"drawMode":0,"name":"Shaded","section":"Shading Mode"},"sceneLighting":false,"audioPlay":false,"sceneViewState":{"showFog":true,"showMaterialUpdate":true,"showSkybox":false,"showFlares":true,"showImageEffects":true,"showParticleSystems":true,"showVisualEffectGraphs":true,"m_FxEnabled":true},"in2DMode":false,"pivot":{"x":0.381420373916626,"y":-0.015886962413787843,"z":0.03417910635471344},"rotation":{"x":0.789184033870697,"y":0.024464689195156099,"z":-0.03150441125035286,"w":0.6128644347190857},"size":0.13331176340579987,"orthographic":true}