{"cameraMode":{"drawMode":0,"name":"Shaded","section":"Shading Mode"},"sceneLighting":true,"audioPlay":false,"sceneViewState":{"showFog":true,"showMaterialUpdate":true,"showSkybox":true,"showFlares":true,"showImageEffects":true,"showParticleSystems":true,"showVisualEffectGraphs":true,"m_FxEnabled":true},"in2DMode":false,"pivot":{"x":218.36012268066407,"y":1.6600401401519776,"z":506.4837341308594},"rotation":{"x":-0.0023841755464673044,"y":-0.9938169121742249,"z":0.021766405552625657,"w":-0.10896222293376923},"size":2.142805814743042,"orthographic":true}