{"cameraMode":{"drawMode":0,"name":"Shaded","section":"Shading Mode"},"sceneLighting":true,"audioPlay":false,"sceneViewState":{"showFog":true,"showMaterialUpdate":true,"showSkybox":true,"showFlares":true,"showImageEffects":true,"showParticleSystems":true,"showVisualEffectGraphs":true,"m_FxEnabled":true},"in2DMode":false,"pivot":{"x":235.61000061035157,"y":-5.780000686645508,"z":486.79998779296877},"rotation":{"x":0.07848292589187622,"y":0.9014917016029358,"z":-0.18453742563724519,"w":0.38359391689300539},"size":36.756656646728519,"orthographic":true}