{"cameraMode":{"drawMode":0,"name":"Shaded","section":"Shading Mode"},"sceneLighting":false,"audioPlay":false,"sceneViewState":{"showFog":true,"showMaterialUpdate":true,"showSkybox":true,"showFlares":true,"showImageEffects":true,"showParticleSystems":true,"showVisualEffectGraphs":true,"m_FxEnabled":true},"in2DMode":false,"pivot":{"x":203.5493621826172,"y":0.9940245151519775,"z":506.62713623046877},"rotation":{"x":-0.03277658298611641,"y":0.9412883520126343,"z":-0.09577193856239319,"w":-0.32210221886634829},"size":1.5409163236618043,"orthographic":false}