{"cameraMode":{"drawMode":0,"name":"Shaded","section":"Shading Mode"},"sceneLighting":false,"audioPlay":false,"sceneViewState":{"showFog":true,"showMaterialUpdate":true,"showSkybox":true,"showFlares":true,"showImageEffects":true,"showParticleSystems":true,"showVisualEffectGraphs":true,"m_FxEnabled":true},"in2DMode":false,"pivot":{"x":218.10000610351563,"y":0.9276685118675232,"z":508.6000061035156},"rotation":{"x":0.07379499822854996,"y":0.11938103288412094,"z":-0.00889811385422945,"w":0.9900627732276917},"size":1.7981961965560914,"orthographic":true}