{"cameraMode":{"drawMode":0,"name":"Shaded","section":"Shading Mode"},"sceneLighting":false,"audioPlay":false,"sceneViewState":{"showFog":true,"showMaterialUpdate":true,"showSkybox":true,"showFlares":true,"showImageEffects":true,"showParticleSystems":true,"showVisualEffectGraphs":true,"m_FxEnabled":true},"in2DMode":false,"pivot":{"x":46.66001510620117,"y":0.9359767436981201,"z":50.339988708496097},"rotation":{"x":0.026021724566817285,"y":-0.9736459255218506,"z":0.14655615389347077,"w":0.17294667661190034},"size":0.9566542506217957,"orthographic":false}