{"cameraMode":{"drawMode":0,"name":"Shaded","section":"Shading Mode"},"sceneLighting":true,"audioPlay":false,"sceneViewState":{"showFog":true,"showMaterialUpdate":true,"showSkybox":true,"showFlares":true,"showImageEffects":true,"showParticleSystems":true,"showVisualEffectGraphs":true,"m_FxEnabled":true},"in2DMode":false,"pivot":{"x":267.7799987792969,"y":1.5500001907348633,"z":486.9599914550781},"rotation":{"x":0.030985701829195024,"y":-0.9680427312850952,"z":0.1966334581375122,"w":0.15254536271095277},"size":2.1635000705718996,"orthographic":false}