{"cameraMode":{"drawMode":0,"name":"Shaded","section":"Shading Mode"},"sceneLighting":true,"audioPlay":false,"sceneViewState":{"showFog":true,"showMaterialUpdate":true,"showSkybox":true,"showFlares":true,"showImageEffects":true,"showParticleSystems":true,"showVisualEffectGraphs":true,"m_FxEnabled":true},"in2DMode":false,"pivot":{"x":203.6509552001953,"y":2.1101114749908449,"z":510.5353698730469},"rotation":{"x":0.007220047526061535,"y":0.9388225078582764,"z":-0.019718172028660775,"w":0.34376129508018496},"size":1.7834972143173218,"orthographic":true}