{"cameraMode":{"drawMode":0,"name":"Shaded","section":"Shading Mode"},"sceneLighting":false,"audioPlay":false,"sceneViewState":{"showFog":true,"showMaterialUpdate":true,"showSkybox":true,"showFlares":true,"showImageEffects":true,"showParticleSystems":true,"showVisualEffectGraphs":true,"m_FxEnabled":true},"in2DMode":false,"pivot":{"x":34.52219772338867,"y":0.9133316278457642,"z":59.22743606567383},"rotation":{"x":0.01709885708987713,"y":-0.9185872673988342,"z":-0.039983734488487247,"w":-0.39282169938087466},"size":1.0070618391036988,"orthographic":true}