{"cameraMode":{"drawMode":0,"name":"Shaded","section":"Shading Mode"},"sceneLighting":true,"audioPlay":false,"sceneViewState":{"showFog":true,"showMaterialUpdate":true,"showSkybox":true,"showFlares":true,"showImageEffects":true,"showParticleSystems":true,"showVisualEffectGraphs":true,"m_FxEnabled":true},"in2DMode":false,"pivot":{"x":247.6479949951172,"y":0.05400000140070915,"z":495.9729919433594},"rotation":{"x":0.006558944005519152,"y":0.684898853302002,"z":0.0061630611307919029,"w":-0.7285991907119751},"size":0.368347704410553,"orthographic":false}