{"cameraMode":{"drawMode":0,"name":"Shaded","section":"Shading Mode"},"sceneLighting":false,"audioPlay":false,"sceneViewState":{"showFog":true,"showMaterialUpdate":true,"showSkybox":false,"showFlares":true,"showImageEffects":true,"showParticleSystems":true,"showVisualEffectGraphs":true,"m_FxEnabled":true},"in2DMode":false,"pivot":{"x":53.20000076293945,"y":0.014996154233813286,"z":50.00033950805664},"rotation":{"x":-0.003160701598972082,"y":0.9966111183166504,"z":-0.06827288866043091,"w":-0.046078767627477649},"size":1.3391790390014649,"orthographic":false}