{"cameraMode":{"drawMode":0,"name":"Shaded","section":"Shading Mode"},"sceneLighting":false,"audioPlay":false,"sceneViewState":{"showFog":true,"showMaterialUpdate":true,"showSkybox":false,"showFlares":true,"showImageEffects":true,"showParticleSystems":true,"showVisualEffectGraphs":true,"m_FxEnabled":true},"in2DMode":false,"pivot":{"x":0.09299999475479126,"y":0.8714008927345276,"z":6.813834190368652},"rotation":{"x":-0.0017429380677640439,"y":-0.9935663938522339,"z":0.11224982142448425,"w":-0.015503299422562123},"size":1.001880407333374,"orthographic":false}