{"cameraMode":{"drawMode":0,"name":"Shaded","section":"Shading Mode"},"sceneLighting":false,"audioPlay":false,"sceneViewState":{"showFog":true,"showMaterialUpdate":true,"showSkybox":false,"showFlares":true,"showImageEffects":true,"showParticleSystems":true,"showVisualEffectGraphs":true,"m_FxEnabled":true},"in2DMode":false,"pivot":{"x":0.05500000715255737,"y":0.9440000057220459,"z":6.666999816894531},"rotation":{"x":0.0008934683282859623,"y":-0.9975184798240662,"z":0.012867351993918419,"w":0.06923510134220123},"size":0.7062754034996033,"orthographic":false}