{"cameraMode":{"drawMode":0,"name":"Shaded","section":"Shading Mode"},"sceneLighting":false,"audioPlay":false,"sceneViewState":{"showFog":true,"showMaterialUpdate":true,"showSkybox":false,"showFlares":true,"showImageEffects":true,"showParticleSystems":true,"showVisualEffectGraphs":true,"m_FxEnabled":true},"in2DMode":false,"pivot":{"x":0.09299999475479126,"y":0.8714008927345276,"z":6.813834190368652},"rotation":{"x":-0.004362990148365498,"y":-0.9759222269058228,"z":0.2172108143568039,"w":-0.01962130330502987},"size":1.001880407333374,"orthographic":false}