{"cameraMode":{"drawMode":0,"name":"Shaded","section":"Shading Mode"},"sceneLighting":false,"audioPlay":false,"sceneViewState":{"showFog":true,"showMaterialUpdate":true,"showSkybox":false,"showFlares":true,"showImageEffects":true,"showParticleSystems":true,"showVisualEffectGraphs":true,"m_FxEnabled":true},"in2DMode":false,"pivot":{"x":43.95427703857422,"y":0.6152862310409546,"z":48.13999938964844},"rotation":{"x":0.00040278767119161785,"y":-0.9994288086891174,"z":0.031493570655584338,"w":0.012891414575278759},"size":0.07740777730941773,"orthographic":false}