{"cameraMode":{"drawMode":0,"name":"Shaded","section":"Shading Mode"},"sceneLighting":false,"audioPlay":false,"sceneViewState":{"showFog":true,"showMaterialUpdate":true,"showSkybox":false,"showFlares":true,"showImageEffects":true,"showParticleSystems":true,"showVisualEffectGraphs":true,"m_FxEnabled":true},"in2DMode":false,"pivot":{"x":0.022535502910614015,"y":1.0059590339660645,"z":0.011828146874904633},"rotation":{"x":-0.04220249131321907,"y":0.957484245300293,"z":-0.2140098214149475,"w":-0.18881691992282868},"size":1.450079321861267,"orthographic":false}