{"cameraMode":{"drawMode":0,"name":"Shaded","section":"Shading Mode"},"sceneLighting":false,"audioPlay":false,"sceneViewState":{"showFog":true,"showMaterialUpdate":true,"showSkybox":false,"showFlares":true,"showImageEffects":true,"showParticleSystems":true,"showVisualEffectGraphs":true,"m_FxEnabled":true},"in2DMode":false,"pivot":{"x":-0.01110873743891716,"y":0.00882954616099596,"z":-0.00047412142157554626},"rotation":{"x":-0.003653827589005232,"y":0.9891194701194763,"z":-0.14494112133979798,"w":-0.024934863671660425},"size":0.315326988697052,"orthographic":false}