{"cameraMode":{"drawMode":0,"name":"Shaded","section":"Shading Mode"},"sceneLighting":false,"audioPlay":false,"sceneViewState":{"showFog":true,"showMaterialUpdate":true,"showSkybox":false,"showFlares":true,"showImageEffects":true,"showParticleSystems":true,"showVisualEffectGraphs":true,"m_FxEnabled":true},"in2DMode":false,"pivot":{"x":46.62727737426758,"y":0.18525779247283936,"z":51.223506927490237},"rotation":{"x":-0.04352542385458946,"y":-0.7047105431556702,"z":0.04339493811130524,"w":-0.7068411707878113},"size":0.6014847755432129,"orthographic":true}