{"cameraMode":{"drawMode":0,"name":"Shaded","section":"Shading Mode"},"sceneLighting":false,"audioPlay":false,"sceneViewState":{"showFog":true,"showMaterialUpdate":true,"showSkybox":false,"showFlares":true,"showImageEffects":true,"showParticleSystems":true,"showVisualEffectGraphs":true,"m_FxEnabled":true},"in2DMode":false,"pivot":{"x":218.10000610351563,"y":0.9276685118675232,"z":508.6000061035156},"rotation":{"x":-0.02184978500008583,"y":0.7321313619613648,"z":0.023510994389653207,"w":0.6804074048995972},"size":1.0070595741271973,"orthographic":true}