{"cameraMode":{"drawMode":0,"name":"Shaded","section":"Shading Mode"},"sceneLighting":false,"audioPlay":false,"sceneViewState":{"showFog":true,"showMaterialUpdate":true,"showSkybox":false,"showFlares":true,"showImageEffects":true,"showParticleSystems":true,"showVisualEffectGraphs":true,"m_FxEnabled":true},"in2DMode":false,"pivot":{"x":46.65999984741211,"y":0.9366685152053833,"z":50.34000015258789},"rotation":{"x":0.004641985986381769,"y":-0.7396050095558167,"z":0.005102893337607384,"w":0.6730182766914368},"size":0.7639701962471008,"orthographic":true}